{
  "trained_at_utc": "2026-03-16T03:46:56.375127+00:00",
  "data_path": "/Users/mac/Documents/Projects/Urban Copilot/urban-ai-copilot/data/flood_training.csv",
  "rows_used_original": 13,
  "rows_used_augmented": 65,
  "target_column": "synthetic_label_score_adjusted",
  "train_rows": 52,
  "test_rows": 13,
  "test_size": 0.2,
  "random_state": 42,
  "cv_folds_requested": 5,
  "cv_folds_effective": 5,
  "baseline_mae": 11.092368878994083,
  "baseline_rmse": 13.346485729691937,
  "model_mae": 1.994388978726806,
  "model_rmse": 3.3272534932644278,
  "cv_mae_mean": 2.3453806213459907,
  "cv_mae_std": 1.08046093308321,
  "cv_rmse_mean": 3.630298941513493,
  "cv_rmse_std": 1.997180296588143
}